,batch,k,lr,C_SGEN_layers,fingerprint_size,std,mean
0,2,2,0.005,1,2,222.8738916827154,-1544.8360893118595
